sample_idx,centroid_type,similarity,LR,LogLR,class,Original LR (Hp/Hd),Original logLR (log10(Hp/Hd)),Calibrated logLR (log10(Hp/Hd)),Calibrated LR (Hp/Hd),P(Hp|feature),"Label (1=Hp, 0=Hd)",Calibration Method
0,train_real_centroid,0.90753937,3.7389552761089216e+20,20.57275027032799,real_real,3.7389552761089216e+20,20.57275027032799,9.999999964022885,9999999171.596355,0.9999999999,1,PAV Algorithm (Isotonic Regression)
1,train_real_centroid,0.94677055,9.097072665655464e+20,20.95890166378488,real_real,9.097072665655464e+20,20.95890166378488,9.999999964022885,9999999171.596355,0.9999999999,1,PAV Algorithm (Isotonic Regression)
2,train_real_centroid,0.721516,5919887824074.445,12.772313477356866,real_real,5919887824074.445,12.772313477356866,9.999999964022885,9999999171.596355,0.9999999999,1,PAV Algorithm (Isotonic Regression)
3,train_real_centroid,0.9653005,9.371263177959832e+20,20.97179813456365,real_real,9.371263177959832e+20,20.97179813456365,9.999999964022885,9999999171.596355,0.9999999999,1,PAV Algorithm (Isotonic Regression)
4,train_real_centroid,0.9230462,5.554760239490542e+20,20.744665318197963,real_real,5.554760239490542e+20,20.744665318197963,9.999999964022885,9999999171.596355,0.9999999999,1,PAV Algorithm (Isotonic Regression)
5,train_real_centroid,0.96159106,9.645349411191232e+20,20.9843179649611,real_real,9.645349411191232e+20,20.9843179649611,9.999999964022885,9999999171.596355,0.9999999999,1,PAV Algorithm (Isotonic Regression)
6,train_real_centroid,0.9869808,5.144315325858431e+20,20.71132758123871,real_real,5.144315325858431e+20,20.71132758123871,9.999999964022885,9999999171.596355,0.9999999999,1,PAV Algorithm (Isotonic Regression)
7,train_real_centroid,0.86451465,1.9688730985246392e+20,20.294217725083488,real_real,1.9688730985246392e+20,20.294217725083488,9.999999964022885,9999999171.596355,0.9999999999,1,PAV Algorithm (Isotonic Regression)
8,train_real_centroid,0.89857966,3.032985814978661e+20,20.481870379156398,real_real,3.032985814978661e+20,20.481870379156394,9.999999964022885,9999999171.596355,0.9999999999,1,PAV Algorithm (Isotonic Regression)
9,train_real_centroid,0.9414945,8.421125822494031e+20,20.925370156322945,real_real,8.421125822494031e+20,20.925370156322945,9.999999964022885,9999999171.596355,0.9999999999,1,PAV Algorithm (Isotonic Regression)
10,train_real_centroid,0.9775471,7.359394958429262e+20,20.866842110938496,real_real,7.359394958429262e+20,20.866842110938496,9.999999964022885,9999999171.596355,0.9999999999,1,PAV Algorithm (Isotonic Regression)
11,train_real_centroid,0.8285591,1.2037858929530372e+20,20.08054924956482,real_real,1.2037858929530372e+20,20.08054924956482,9.999999964022885,9999999171.596355,0.9999999999,1,PAV Algorithm (Isotonic Regression)
12,train_real_centroid,0.93456006,7.351900078671229e+20,20.86639959582411,real_real,7.351900078671229e+20,20.86639959582411,9.999999964022885,9999999171.596355,0.9999999999,1,PAV Algorithm (Isotonic Regression)
13,train_real_centroid,0.7870046,1.701126240543474e+19,19.230736543793093,real_real,1.701126240543474e+19,19.230736543793093,9.999999964022885,9999999171.596355,0.9999999999,1,PAV Algorithm (Isotonic Regression)
14,train_real_centroid,0.9333842,7.162188736420077e+20,20.85504576125921,real_real,7.162188736420077e+20,20.85504576125921,9.999999964022885,9999999171.596355,0.9999999999,1,PAV Algorithm (Isotonic Regression)
15,train_real_centroid,0.9324511,7.011423253082647e+20,20.845806184617235,real_real,7.011423253082647e+20,20.845806184617235,9.999999964022885,9999999171.596355,0.9999999999,1,PAV Algorithm (Isotonic Regression)
16,train_real_centroid,0.95041245,9.446094205813352e+20,20.97525227247728,real_real,9.446094205813352e+20,20.975252272477277,9.999999964022885,9999999171.596355,0.9999999999,1,PAV Algorithm (Isotonic Regression)
17,train_real_centroid,0.9472546,9.150836385008024e+20,20.96146079032801,real_real,9.150836385008024e+20,20.96146079032801,9.999999964022885,9999999171.596355,0.9999999999,1,PAV Algorithm (Isotonic Regression)
18,train_real_centroid,0.9776623,7.334097003147961e+20,20.86534664978238,real_real,7.334097003147961e+20,20.86534664978238,9.999999964022885,9999999171.596355,0.9999999999,1,PAV Algorithm (Isotonic Regression)
19,train_real_centroid,0.9337646,7.223660266586495e+20,20.85875731263542,real_real,7.223660266586495e+20,20.85875731263542,9.999999964022885,9999999171.596355,0.9999999999,1,PAV Algorithm (Isotonic Regression)
20,train_real_centroid,0.9683632,9.017725462258568e+20,20.95509700940911,real_real,9.017725462258568e+20,20.95509700940911,9.999999964022885,9999999171.596355,0.9999999999,1,PAV Algorithm (Isotonic Regression)
21,train_real_centroid,0.85770136,1.8789734012818512e+20,20.27392063227813,real_real,1.8789734012818512e+20,20.27392063227813,9.999999964022885,9999999171.596355,0.9999999999,1,PAV Algorithm (Isotonic Regression)
22,train_real_centroid,0.8175334,1.0570192987584864e+20,20.024082916605256,real_real,1.0570192987584864e+20,20.024082916605256,9.999999964022885,9999999171.596355,0.9999999999,1,PAV Algorithm (Isotonic Regression)
23,train_real_centroid,0.9815409,6.448302203425672e+20,20.809445382736968,real_real,6.448302203425672e+20,20.809445382736968,9.999999964022885,9999999171.596355,0.9999999999,1,PAV Algorithm (Isotonic Regression)
24,train_real_centroid,0.97613496,7.661882124427292e+20,20.88433546621864,real_real,7.661882124427292e+20,20.884335466218637,9.999999964022885,9999999171.596355,0.9999999999,1,PAV Algorithm (Isotonic Regression)
25,train_real_centroid,0.76097304,2.964656182708921e+16,16.471974334593934,real_real,2.964656182708921e+16,16.471974334593934,9.999999964022885,9999999171.596355,0.9999999999,1,PAV Algorithm (Isotonic Regression)
26,train_real_centroid,0.9601549,9.702930400874922e+20,20.986902916197337,real_real,9.702930400874922e+20,20.986902916197337,9.999999964022885,9999999171.596355,0.9999999999,1,PAV Algorithm (Isotonic Regression)
27,train_real_centroid,0.97048295,8.707465087778427e+20,20.93989174184798,real_real,8.707465087778427e+20,20.93989174184798,9.999999964022885,9999999171.596355,0.9999999999,1,PAV Algorithm (Isotonic Regression)
28,train_real_centroid,0.96275246,9.578907862840407e+20,20.981315995907355,real_real,9.578907862840407e+20,20.981315995907355,9.999999964022885,9999999171.596355,0.9999999999,1,PAV Algorithm (Isotonic Regression)
29,train_real_centroid,0.9510261,9.492517824706996e+20,20.977381421315087,real_real,9.492517824706996e+20,20.977381421315087,9.999999964022885,9999999171.596355,0.9999999999,1,PAV Algorithm (Isotonic Regression)
30,train_real_centroid,0.8383775,1.4389412679085575e+20,20.158043068054905,real_real,1.4389412679085575e+20,20.158043068054905,9.999999964022885,9999999171.596355,0.9999999999,1,PAV Algorithm (Isotonic Regression)
31,train_real_centroid,0.3987758,1.057975425375529,0.0244755800358839,real_real,1.057975425375529,0.02447558003588398,0.0,1.0,0.5,1,PAV Algorithm (Isotonic Regression)
32,train_real_centroid,0.908009,3.782356665874356e+20,20.577762479220198,real_real,3.782356665874356e+20,20.577762479220194,9.999999964022885,9999999171.596355,0.9999999999,1,PAV Algorithm (Isotonic Regression)
33,train_real_centroid,0.7874497,1.906390907884365e+19,19.28021195807053,real_real,1.906390907884365e+19,19.28021195807053,9.999999964022885,9999999171.596355,0.9999999999,1,PAV Algorithm (Isotonic Regression)
34,train_real_centroid,0.9546644,9.69134864371878e+20,20.98638421748108,real_real,9.69134864371878e+20,20.98638421748108,9.999999964022885,9999999171.596355,0.9999999999,1,PAV Algorithm (Isotonic Regression)
35,train_real_centroid,0.9513989,9.519415076279311e+20,20.978610263831055,real_real,9.519415076279311e+20,20.978610263831058,9.999999964022885,9999999171.596355,0.9999999999,1,PAV Algorithm (Isotonic Regression)
36,train_real_centroid,0.9531714,9.626968889676844e+20,20.983489568359936,real_real,9.626968889676844e+20,20.983489568359936,9.999999964022885,9999999171.596355,0.9999999999,1,PAV Algorithm (Isotonic Regression)
37,train_real_centroid,0.94093496,8.340371691321493e+20,20.921185405540964,real_real,8.340371691321493e+20,20.921185405540964,9.999999964022885,9999999171.596355,0.9999999999,1,PAV Algorithm (Isotonic Regression)
38,train_real_centroid,0.9442732,8.798441377727704e+20,20.94440574476331,real_real,8.798441377727704e+20,20.94440574476331,9.999999964022885,9999999171.596355,0.9999999999,1,PAV Algorithm (Isotonic Regression)
39,train_real_centroid,0.96184635,9.631953327109734e+20,20.983714369488105,real_real,9.631953327109734e+20,20.983714369488105,9.999999964022885,9999999171.596355,0.9999999999,1,PAV Algorithm (Isotonic Regression)
40,train_real_centroid,0.9590923,9.729655696817214e+20,20.988097472167837,real_real,9.729655696817214e+20,20.988097472167834,9.999999964022885,9999999171.596355,0.9999999999,1,PAV Algorithm (Isotonic Regression)
41,train_real_centroid,0.9187778,4.971876943493565e+20,20.696520371091275,real_real,4.971876943493565e+20,20.696520371091275,9.999999964022885,9999999171.596355,0.9999999999,1,PAV Algorithm (Isotonic Regression)
42,train_real_centroid,0.9455038,8.950926237100296e+20,20.951867978203964,real_real,8.950926237100296e+20,20.951867978203964,9.999999964022885,9999999171.596355,0.9999999999,1,PAV Algorithm (Isotonic Regression)
43,train_real_centroid,0.9636495,9.514505497696934e+20,20.978386221398413,real_real,9.514505497696934e+20,20.978386221398413,9.999999964022885,9999999171.596355,0.9999999999,1,PAV Algorithm (Isotonic Regression)
44,train_real_centroid,0.9440266,8.767244996032161e+20,20.94286314285389,real_real,8.767244996032161e+20,20.94286314285389,9.999999964022885,9999999171.596355,0.9999999999,1,PAV Algorithm (Isotonic Regression)
45,train_real_centroid,0.96319413,9.54760546230908e+20,20.979894464264092,real_real,9.54760546230908e+20,20.979894464264095,9.999999964022885,9999999171.596355,0.9999999999,1,PAV Algorithm (Isotonic Regression)
46,train_real_centroid,0.7156992,1699468724208.814,12.23031317655161,real_real,1699468724208.814,12.23031317655161,9.999999964022885,9999999171.596355,0.9999999999,1,PAV Algorithm (Isotonic Regression)
47,train_real_centroid,0.9782055,7.21481011678696e+20,20.85822490558657,real_real,7.21481011678696e+20,20.858224905586574,9.999999964022885,9999999171.596355,0.9999999999,1,PAV Algorithm (Isotonic Regression)
48,train_real_centroid,0.96998394,8.783701595346557e+20,20.943677573269987,real_real,8.783701595346557e+20,20.943677573269987,9.999999964022885,9999999171.596355,0.9999999999,1,PAV Algorithm (Isotonic Regression)
49,train_real_centroid,0.76426595,6.458359122699122e+16,16.810122190676527,real_real,6.458359122699122e+16,16.810122190676527,9.999999964022885,9999999171.596355,0.9999999999,1,PAV Algorithm (Isotonic Regression)
50,train_real_centroid,0.7635673,5.448026167131974e+16,16.736239184847044,real_real,5.448026167131974e+16,16.736239184847044,9.999999964022885,9999999171.596355,0.9999999999,1,PAV Algorithm (Isotonic Regression)
51,train_real_centroid,0.97685444,7.508927409131384e+20,20.875577905903853,real_real,7.508927409131384e+20,20.875577905903853,9.999999964022885,9999999171.596355,0.9999999999,1,PAV Algorithm (Isotonic Regression)
52,train_real_centroid,0.79376096,9.102522235930246e+19,19.959161748515623,real_real,9.102522235930246e+19,19.959161748515623,9.999999964022885,9999999171.596355,0.9999999999,1,PAV Algorithm (Isotonic Regression)
53,train_real_centroid,0.7848126,9.873018018459023e+18,18.99444992961104,real_real,9.873018018459023e+18,18.994449929611037,9.999999964022885,9999999171.596355,0.9999999999,1,PAV Algorithm (Isotonic Regression)
54,train_real_centroid,0.88816625,2.466263968851928e+20,20.392039558099327,real_real,2.466263968851928e+20,20.392039558099327,9.999999964022885,9999999171.596355,0.9999999999,1,PAV Algorithm (Isotonic Regression)
55,train_real_centroid,0.94007623,8.213916425700222e+20,20.91455027971536,real_real,8.213916425700222e+20,20.91455027971536,9.999999964022885,9999999171.596355,0.9999999999,1,PAV Algorithm (Isotonic Regression)
56,train_real_centroid,0.9003945,3.1591166217589654e+20,20.499565658590026,real_real,3.1591166217589654e+20,20.499565658590022,9.999999964022885,9999999171.596355,0.9999999999,1,PAV Algorithm (Isotonic Regression)
57,train_real_centroid,0.91479576,4.485401696810257e+20,20.651801343009115,real_real,4.485401696810257e+20,20.651801343009115,9.999999964022885,9999999171.596355,0.9999999999,1,PAV Algorithm (Isotonic Regression)
58,train_real_centroid,0.7556669,8657627549932726.0,15.937398898584062,real_real,8657627549932726.0,15.937398898584062,9.999999964022885,9999999171.596355,0.9999999999,1,PAV Algorithm (Isotonic Regression)
59,train_real_centroid,0.9399077,8.18883417217486e+20,20.913222076530754,real_real,8.18883417217486e+20,20.913222076530754,9.999999964022885,9999999171.596355,0.9999999999,1,PAV Algorithm (Isotonic Regression)
60,train_real_centroid,0.97626233,7.634804454322167e+20,20.8827979182102,real_real,7.634804454322167e+20,20.8827979182102,9.999999964022885,9999999171.596355,0.9999999999,1,PAV Algorithm (Isotonic Regression)
61,train_real_centroid,0.9072496,3.712592112621958e+20,20.56967723768073,real_real,3.712592112621958e+20,20.569677237680732,9.999999964022885,9999999171.596355,0.9999999999,1,PAV Algorithm (Isotonic Regression)
62,train_real_centroid,0.72623837,16027198260844.846,13.204857609303478,real_real,16027198260844.846,13.204857609303478,9.999999964022885,9999999171.596355,0.9999999999,1,PAV Algorithm (Isotonic Regression)
63,train_real_centroid,0.8589967,1.8984547554121617e+20,20.27840025135257,real_real,1.8984547554121617e+20,20.278400251352572,9.999999964022885,9999999171.596355,0.9999999999,1,PAV Algorithm (Isotonic Regression)
64,train_real_centroid,0.9626612,9.584250403005774e+20,20.98155815179221,real_real,9.584250403005774e+20,20.981558151792214,9.999999964022885,9999999171.596355,0.9999999999,1,PAV Algorithm (Isotonic Regression)
65,train_real_centroid,0.97113925,8.600479896991632e+20,20.934522685057583,real_real,8.600479896991632e+20,20.934522685057583,9.999999964022885,9999999171.596355,0.9999999999,1,PAV Algorithm (Isotonic Regression)
66,train_real_centroid,0.86578643,1.983214493123136e+20,20.297369687549804,real_real,1.983214493123136e+20,20.297369687549804,9.999999964022885,9999999171.596355,0.9999999999,1,PAV Algorithm (Isotonic Regression)
67,train_real_centroid,0.9595936,9.71992943876235e+20,20.987663112203293,real_real,9.71992943876235e+20,20.987663112203293,9.999999964022885,9999999171.596355,0.9999999999,1,PAV Algorithm (Isotonic Regression)
68,train_real_centroid,0.9434246,8.68751387295305e+20,20.93889551111669,real_real,8.68751387295305e+20,20.93889551111669,9.999999964022885,9999999171.596355,0.9999999999,1,PAV Algorithm (Isotonic Regression)
69,train_real_centroid,0.94289684,8.61723639338551e+20,20.93536800694519,real_real,8.61723639338551e+20,20.93536800694519,9.999999964022885,9999999171.596355,0.9999999999,1,PAV Algorithm (Isotonic Regression)
70,train_real_centroid,0.83966106,1.472867901924327e+20,20.16816379773338,real_real,1.472867901924327e+20,20.16816379773338,9.999999964022885,9999999171.596355,0.9999999999,1,PAV Algorithm (Isotonic Regression)
71,train_real_centroid,0.90383697,3.4210648256377284e+20,20.53416130369398,real_real,3.4210648256377284e+20,20.53416130369398,9.999999964022885,9999999171.596355,0.9999999999,1,PAV Algorithm (Isotonic Regression)
72,train_real_centroid,0.9144353,4.4441862100961054e+20,20.64779224746122,real_real,4.4441862100961054e+20,20.64779224746122,9.999999964022885,9999999171.596355,0.9999999999,1,PAV Algorithm (Isotonic Regression)
73,train_real_centroid,0.8916952,2.6289381817235957e+20,20.41978037399074,real_real,2.6289381817235957e+20,20.41978037399074,9.999999964022885,9999999171.596355,0.9999999999,1,PAV Algorithm (Isotonic Regression)
74,train_real_centroid,0.9693449,8.87989240379439e+20,20.948407703535192,real_real,8.87989240379439e+20,20.948407703535192,9.999999964022885,9999999171.596355,0.9999999999,1,PAV Algorithm (Isotonic Regression)
75,train_real_centroid,0.96783584,9.085118569916232e+20,20.958330599659934,real_real,9.085118569916232e+20,20.958330599659938,9.999999964022885,9999999171.596355,0.9999999999,1,PAV Algorithm (Isotonic Regression)
76,train_real_centroid,0.9693966,8.872633598535531e+20,20.948052547401986,real_real,8.872633598535531e+20,20.948052547401986,9.999999964022885,9999999171.596355,0.9999999999,1,PAV Algorithm (Isotonic Regression)
77,train_real_centroid,0.7250798,12565565356339.48,13.099182033367509,real_real,12565565356339.48,13.099182033367507,9.999999964022885,9999999171.596355,0.9999999999,1,PAV Algorithm (Isotonic Regression)
78,train_real_centroid,0.9817454,6.40002683314095e+20,20.80618179483711,real_real,6.40002683314095e+20,20.80618179483711,9.999999964022885,9999999171.596355,0.9999999999,1,PAV Algorithm (Isotonic Regression)
79,train_real_centroid,0.98592204,5.398454879983563e+20,20.73226947591216,real_real,5.398454879983563e+20,20.732269475912158,9.999999964022885,9999999171.596355,0.9999999999,1,PAV Algorithm (Isotonic Regression)
80,train_real_centroid,0.66170406,30177205.007471435,7.479679013238002,real_real,30177205.007471435,7.479679013238002,9.999999964022885,9999999171.596355,0.9999999999,1,PAV Algorithm (Isotonic Regression)
81,train_real_centroid,0.9549642,9.70237903846891e+20,20.986878237008245,real_real,9.70237903846891e+20,20.986878237008245,9.999999964022885,9999999171.596355,0.9999999999,1,PAV Algorithm (Isotonic Regression)
82,train_real_centroid,0.9670436,9.183494308287e+20,20.963007961163758,real_real,9.183494308287e+20,20.963007961163754,9.999999964022885,9999999171.596355,0.9999999999,1,PAV Algorithm (Isotonic Regression)
83,train_real_centroid,0.9125212,4.2326602744257846e+20,20.626613412139704,real_real,4.2326602744257846e+20,20.626613412139704,9.999999964022885,9999999171.596355,0.9999999999,1,PAV Algorithm (Isotonic Regression)
84,train_real_centroid,0.96560335,9.34079018457161e+20,20.970383616945657,real_real,9.34079018457161e+20,20.970383616945657,9.999999964022885,9999999171.596355,0.9999999999,1,PAV Algorithm (Isotonic Regression)
85,train_real_centroid,0.93105966,6.787056995889001e+20,20.83168149629566,real_real,6.787056995889001e+20,20.83168149629566,9.999999964022885,9999999171.596355,0.9999999999,1,PAV Algorithm (Isotonic Regression)
86,train_real_centroid,0.7950453,1.1080147233342118e+20,20.044545531349375,real_real,1.1080147233342118e+20,20.044545531349378,9.999999964022885,9999999171.596355,0.9999999999,1,PAV Algorithm (Isotonic Regression)
87,train_real_centroid,0.9364491,7.654187436676379e+20,20.88389909307499,real_real,7.654187436676379e+20,20.88389909307499,9.999999964022885,9999999171.596355,0.9999999999,1,PAV Algorithm (Isotonic Regression)
88,train_real_centroid,0.8026896,1.0888728735879148e+20,20.036977178633588,real_real,1.0888728735879148e+20,20.036977178633588,9.999999964022885,9999999171.596355,0.9999999999,1,PAV Algorithm (Isotonic Regression)
89,train_real_centroid,0.97239804,8.385289263646823e+20,20.923518048866825,real_real,8.385289263646823e+20,20.923518048866825,9.999999964022885,9999999171.596355,0.9999999999,1,PAV Algorithm (Isotonic Regression)
90,train_real_centroid,0.961085,9.66780938802926e+20,20.98532807920529,real_real,9.66780938802926e+20,20.985328079205292,9.999999964022885,9999999171.596355,0.9999999999,1,PAV Algorithm (Isotonic Regression)
91,train_real_centroid,0.93983,8.177270111776624e+20,20.91260834361448,real_real,8.177270111776624e+20,20.912608343614476,9.999999964022885,9999999171.596355,0.9999999999,1,PAV Algorithm (Isotonic Regression)
92,train_real_centroid,0.8845402,2.329576463047981e+20,20.3672769697466,real_real,2.329576463047981e+20,20.3672769697466,9.999999964022885,9999999171.596355,0.9999999999,1,PAV Algorithm (Isotonic Regression)
93,train_real_centroid,0.9432897,8.6695503440883e+20,20.937996572891965,real_real,8.6695503440883e+20,20.937996572891965,9.999999964022885,9999999171.596355,0.9999999999,1,PAV Algorithm (Isotonic Regression)
94,train_real_centroid,0.8579956,1.8834802577752208e+20,20.27496107238414,real_real,1.8834802577752208e+20,20.27496107238414,9.999999964022885,9999999171.596355,0.9999999999,1,PAV Algorithm (Isotonic Regression)
95,train_real_centroid,0.9412963,8.392521131500719e+20,20.92389244343004,real_real,8.392521131500719e+20,20.92389244343004,9.999999964022885,9999999171.596355,0.9999999999,1,PAV Algorithm (Isotonic Regression)
96,train_real_centroid,0.9731075,8.257273469660471e+20,20.91683666807633,real_real,8.257273469660471e+20,20.91683666807633,9.999999964022885,9999999171.596355,0.9999999999,1,PAV Algorithm (Isotonic Regression)
97,train_real_centroid,0.9444612,8.822224507325274e+20,20.94557810547729,real_real,8.822224507325274e+20,20.94557810547729,9.999999964022885,9999999171.596355,0.9999999999,1,PAV Algorithm (Isotonic Regression)
98,train_real_centroid,0.9563754,9.734517738918383e+20,20.988314440857124,real_real,9.734517738918383e+20,20.988314440857124,9.999999964022885,9999999171.596355,0.9999999999,1,PAV Algorithm (Isotonic Regression)
99,train_real_centroid,0.85529,1.8389015544699755e+20,20.264558479920588,real_real,1.8389015544699755e+20,20.264558479920588,9.999999964022885,9999999171.596355,0.9999999999,1,PAV Algorithm (Isotonic Regression)
100,train_real_centroid,0.9659187,9.309059431839285e+20,20.96890580297946,real_real,9.309059431839285e+20,20.96890580297946,9.999999964022885,9999999171.596355,0.9999999999,1,PAV Algorithm (Isotonic Regression)
101,train_real_centroid,0.9349637,7.416914131449855e+20,20.87022325104181,real_real,7.416914131449855e+20,20.87022325104181,9.999999964022885,9999999171.596355,0.9999999999,1,PAV Algorithm (Isotonic Regression)
102,train_real_centroid,0.91627073,4.6586026064460526e+20,20.66825566533372,real_real,4.6586026064460526e+20,20.668255665333717,9.999999964022885,9999999171.596355,0.9999999999,1,PAV Algorithm (Isotonic Regression)
103,train_real_centroid,0.9741516,8.060426074411268e+20,20.906357999233744,real_real,8.060426074411268e+20,20.906357999233744,9.999999964022885,9999999171.596355,0.9999999999,1,PAV Algorithm (Isotonic Regression)
104,train_real_centroid,0.46243894,2.316536403277107,0.3648391293257697,real_real,2.316536403277107,0.3648391293257697,9.999999964022885,9999999171.596355,0.9999999999,1,PAV Algorithm (Isotonic Regression)
105,train_real_centroid,0.9398544,8.180901554166732e+20,20.912801166559422,real_real,8.180901554166732e+20,20.912801166559422,9.999999964022885,9999999171.596355,0.9999999999,1,PAV Algorithm (Isotonic Regression)
106,train_real_centroid,0.96056736,9.690439000256608e+20,20.986343452083823,real_real,9.690439000256608e+20,20.986343452083826,9.999999964022885,9999999171.596355,0.9999999999,1,PAV Algorithm (Isotonic Regression)
107,train_real_centroid,0.8832287,2.2873729037453417e+20,20.35933697214372,real_real,2.2873729037453417e+20,20.359336972143716,9.999999964022885,9999999171.596355,0.9999999999,1,PAV Algorithm (Isotonic Regression)
108,train_real_centroid,0.98088306,6.60272975117506e+20,20.81972352202308,real_real,6.60272975117506e+20,20.81972352202308,9.999999964022885,9999999171.596355,0.9999999999,1,PAV Algorithm (Isotonic Regression)
109,train_real_centroid,0.9714559,8.548367131054824e+20,20.93188316575775,real_real,8.548367131054824e+20,20.93188316575775,9.999999964022885,9999999171.596355,0.9999999999,1,PAV Algorithm (Isotonic Regression)
110,train_real_centroid,0.9562457,9.733103321208072e+20,20.98825133362837,real_real,9.733103321208072e+20,20.98825133362837,9.999999964022885,9999999171.596355,0.9999999999,1,PAV Algorithm (Isotonic Regression)
111,train_real_centroid,0.95876473,9.735003331767728e+20,20.988336104491705,real_real,9.735003331767728e+20,20.988336104491705,9.999999964022885,9999999171.596355,0.9999999999,1,PAV Algorithm (Isotonic Regression)
112,train_real_centroid,0.96530676,9.370633292080312e+20,20.97176894264465,real_real,9.370633292080312e+20,20.97176894264465,9.999999964022885,9999999171.596355,0.9999999999,1,PAV Algorithm (Isotonic Regression)
113,train_real_centroid,0.9702878,8.737279228681267e+20,20.941376215251385,real_real,8.737279228681267e+20,20.941376215251385,9.999999964022885,9999999171.596355,0.9999999999,1,PAV Algorithm (Isotonic Regression)
114,train_real_centroid,0.7115985,687720365722.209,11.837411885458517,real_real,687720365722.209,11.837411885458517,9.999999964022885,9999999171.596355,0.9999999999,1,PAV Algorithm (Isotonic Regression)
115,train_real_centroid,0.83878255,1.449617260041502e+20,20.16125335134278,real_real,1.449617260041502e+20,20.16125335134278,9.999999964022885,9999999171.596355,0.9999999999,1,PAV Algorithm (Isotonic Regression)
116,train_real_centroid,0.8645329,1.9690805987330458e+20,20.294263493115576,real_real,1.9690805987330458e+20,20.294263493115576,9.999999964022885,9999999171.596355,0.9999999999,1,PAV Algorithm (Isotonic Regression)
117,train_real_centroid,0.90547943,3.5573862963804806e+20,20.551131027760203,real_real,3.5573862963804806e+20,20.551131027760203,9.999999964022885,9999999171.596355,0.9999999999,1,PAV Algorithm (Isotonic Regression)
118,train_real_centroid,0.8723202,2.060067463875009e+20,20.31388144304337,real_real,2.060067463875009e+20,20.31388144304337,9.999999964022885,9999999171.596355,0.9999999999,1,PAV Algorithm (Isotonic Regression)
119,train_real_centroid,0.36680996,0.7417633738791628,-0.1297346146780417,real_real,0.7417633738791628,-0.1297346146780417,0.0,1.0,0.5,1,PAV Algorithm (Isotonic Regression)
120,train_real_centroid,0.94579947,8.986152044462425e+20,20.953573762522357,real_real,8.986152044462425e+20,20.953573762522353,9.999999964022885,9999999171.596355,0.9999999999,1,PAV Algorithm (Isotonic Regression)
121,train_real_centroid,0.46510586,2.4267029873900525,0.3850166247740202,real_real,2.4267029873900525,0.3850166247740203,9.999999964022885,9999999171.596355,0.9999999999,1,PAV Algorithm (Isotonic Regression)
122,train_real_centroid,0.9526938,9.601903869309815e+20,20.98235735366009,real_real,9.601903869309815e+20,20.982357353660092,9.999999964022885,9999999171.596355,0.9999999999,1,PAV Algorithm (Isotonic Regression)
123,train_real_centroid,0.9085539,3.832952697939691e+20,20.58353345970556,real_real,3.832952697939691e+20,20.583533459705556,9.999999964022885,9999999171.596355,0.9999999999,1,PAV Algorithm (Isotonic Regression)
124,train_real_centroid,0.96878743,8.958162542433544e+20,20.95221893828745,real_real,8.958162542433544e+20,20.95221893828745,9.999999964022885,9999999171.596355,0.9999999999,1,PAV Algorithm (Isotonic Regression)
125,train_real_centroid,0.9262554,6.030691662551789e+20,20.780367124412667,real_real,6.030691662551789e+20,20.780367124412667,9.999999964022885,9999999171.596355,0.9999999999,1,PAV Algorithm (Isotonic Regression)
126,train_real_centroid,0.8649769,1.97412882298134e+20,20.29537548940984,real_real,1.97412882298134e+20,20.295375489409842,9.999999964022885,9999999171.596355,0.9999999999,1,PAV Algorithm (Isotonic Regression)
127,train_real_centroid,0.95989835,9.71070004842532e+20,20.987250539507304,real_real,9.71070004842532e+20,20.987250539507304,9.999999964022885,9999999171.596355,0.9999999999,1,PAV Algorithm (Isotonic Regression)
128,train_real_centroid,0.9650264,9.398842121687068e+20,20.973074354542742,real_real,9.398842121687068e+20,20.973074354542746,9.999999964022885,9999999171.596355,0.9999999999,1,PAV Algorithm (Isotonic Regression)
129,train_real_centroid,0.9547418,9.694196384057912e+20,20.986511813369905,real_real,9.694196384057912e+20,20.986511813369905,9.999999964022885,9999999171.596355,0.9999999999,1,PAV Algorithm (Isotonic Regression)
130,train_real_centroid,0.73388225,78772101909509.66,13.896372434088365,real_real,78772101909509.66,13.896372434088365,9.999999964022885,9999999171.596355,0.9999999999,1,PAV Algorithm (Isotonic Regression)
131,train_real_centroid,0.98024887,6.750394905033933e+20,20.82932918024738,real_real,6.750394905033933e+20,20.82932918024738,9.999999964022885,9999999171.596355,0.9999999999,1,PAV Algorithm (Isotonic Regression)
132,train_real_centroid,0.90538985,3.54969172901838e+20,20.55019063863271,real_real,3.54969172901838e+20,20.55019063863271,9.999999964022885,9999999171.596355,0.9999999999,1,PAV Algorithm (Isotonic Regression)
133,train_real_centroid,0.9667321,9.219081646211362e+20,20.964687661200365,real_real,9.219081646211362e+20,20.964687661200365,9.999999964022885,9999999171.596355,0.9999999999,1,PAV Algorithm (Isotonic Regression)
134,train_real_centroid,0.9676621,9.107276077533818e+20,20.95938850195766,real_real,9.107276077533818e+20,20.95938850195766,9.999999964022885,9999999171.596355,0.9999999999,1,PAV Algorithm (Isotonic Regression)
135,train_real_centroid,0.9010929,3.209808633385368e+20,20.506479140834102,real_real,3.209808633385368e+20,20.506479140834102,9.999999964022885,9999999171.596355,0.9999999999,1,PAV Algorithm (Isotonic Regression)
136,train_real_centroid,0.7346745,93081050803841.48,13.968861277448104,real_real,93081050803841.48,13.968861277448104,9.999999964022885,9999999171.596355,0.9999999999,1,PAV Algorithm (Isotonic Regression)
137,train_real_centroid,0.9204668,5.195094617445428e+20,20.715593461702674,real_real,5.195094617445428e+20,20.715593461702674,9.999999964022885,9999999171.596355,0.9999999999,1,PAV Algorithm (Isotonic Regression)
138,train_real_centroid,0.9371908,7.7714982777729e+20,20.89050475509963,real_real,7.7714982777729e+20,20.89050475509963,9.999999964022885,9999999171.596355,0.9999999999,1,PAV Algorithm (Isotonic Regression)
139,train_real_centroid,0.965526,9.348573199392716e+20,20.970745332913754,real_real,9.348573199392716e+20,20.970745332913754,9.999999964022885,9999999171.596355,0.9999999999,1,PAV Algorithm (Isotonic Regression)
140,train_real_centroid,0.85929257,1.902722843005553e+20,20.27937553210233,real_real,1.902722843005553e+20,20.27937553210233,9.999999964022885,9999999171.596355,0.9999999999,1,PAV Algorithm (Isotonic Regression)
141,train_real_centroid,0.9414844,8.419668166696735e+20,20.92529497555994,real_real,8.419668166696735e+20,20.92529497555994,9.999999964022885,9999999171.596355,0.9999999999,1,PAV Algorithm (Isotonic Regression)
142,train_real_centroid,0.9382779,7.941088210093563e+20,20.899880020217477,real_real,7.941088210093563e+20,20.899880020217473,9.999999964022885,9999999171.596355,0.9999999999,1,PAV Algorithm (Isotonic Regression)
143,train_real_centroid,0.9386254,7.994563337722207e+20,20.902794747607373,real_real,7.994563337722207e+20,20.902794747607373,9.999999964022885,9999999171.596355,0.9999999999,1,PAV Algorithm (Isotonic Regression)
144,train_real_centroid,0.83413404,1.3299395717798342e+20,20.12383190845673,real_real,1.3299395717798342e+20,20.12383190845673,9.999999964022885,9999999171.596355,0.9999999999,1,PAV Algorithm (Isotonic Regression)
145,train_real_centroid,0.96583265,9.317717847163912e+20,20.96930955529925,real_real,9.317717847163912e+20,20.969309555299255,9.999999964022885,9999999171.596355,0.9999999999,1,PAV Algorithm (Isotonic Regression)
146,train_real_centroid,0.63327056,464517.2613281295,5.6670018568878335,real_real,464517.2613281295,5.6670018568878335,9.999999964022885,9999999171.596355,0.9999999999,1,PAV Algorithm (Isotonic Regression)
147,train_real_centroid,0.9754843,7.795213420912903e+20,20.89182801000029,real_real,7.795213420912903e+20,20.89182801000029,9.999999964022885,9999999171.596355,0.9999999999,1,PAV Algorithm (Isotonic Regression)
148,train_real_centroid,0.790927,4.539554909738985e+19,19.65701327362357,real_real,4.539554909738985e+19,19.657013273623566,9.999999964022885,9999999171.596355,0.9999999999,1,PAV Algorithm (Isotonic Regression)
149,train_real_centroid,0.96726936,9.157363216602203e+20,20.96177044033483,real_real,9.157363216602203e+20,20.96177044033483,9.999999964022885,9999999171.596355,0.9999999999,1,PAV Algorithm (Isotonic Regression)
150,train_real_centroid,0.93777806,7.863244719840275e+20,20.89560179198604,real_real,7.863244719840275e+20,20.89560179198604,9.999999964022885,9999999171.596355,0.9999999999,1,PAV Algorithm (Isotonic Regression)
151,train_real_centroid,0.95677614,9.738887929768294e+20,20.988509368219614,real_real,9.738887929768294e+20,20.988509368219614,9.999999964022885,9999999171.596355,0.9999999999,1,PAV Algorithm (Isotonic Regression)
152,train_real_centroid,0.9453382,8.931196830331921e+20,20.95090966067812,real_real,8.931196830331921e+20,20.950909660678118,9.999999964022885,9999999171.596355,0.9999999999,1,PAV Algorithm (Isotonic Regression)
153,train_real_centroid,0.98379844,5.909771404607868e+20,20.77157068229624,real_real,5.909771404607868e+20,20.77157068229624,9.999999964022885,9999999171.596355,0.9999999999,1,PAV Algorithm (Isotonic Regression)
154,train_real_centroid,0.9527453,9.60503971399184e+20,20.98249916488036,real_real,9.60503971399184e+20,20.982499164880362,9.999999964022885,9999999171.596355,0.9999999999,1,PAV Algorithm (Isotonic Regression)
155,train_real_centroid,0.9757025,7.750558348183068e+20,20.889332990093447,real_real,7.750558348183068e+20,20.889332990093447,9.999999964022885,9999999171.596355,0.9999999999,1,PAV Algorithm (Isotonic Regression)
0,train_real_centroid,0.1126961,1.3392252312128418e-21,-20.873146377097765,real_fake,1.3392252312128418e-21,-20.873146377097765,-9.99999999995657,1.0000000001000016e-10,1.0000000000000016e-10,0,PAV Algorithm (Isotonic Regression)
1,train_real_centroid,0.18425061,3.603632603370718e-21,-20.44325949251598,real_fake,3.603632603370718e-21,-20.44325949251598,-9.99999999995657,1.0000000001000016e-10,1.0000000000000016e-10,0,PAV Algorithm (Isotonic Regression)
2,train_real_centroid,0.09595111,1.5334375803198361e-21,-20.814333897591105,real_fake,1.5334375803198361e-21,-20.814333897591105,-9.99999999995657,1.0000000001000016e-10,1.0000000000000016e-10,0,PAV Algorithm (Isotonic Regression)
3,train_real_centroid,0.21636008,8.369156433132147e-15,-14.07731831439606,real_fake,8.369156433132147e-15,-14.07731831439606,-9.99999999995657,1.0000000001000016e-10,1.0000000000000016e-10,0,PAV Algorithm (Isotonic Regression)
4,train_real_centroid,0.104547724,1.4040645289045941e-21,-20.852612932161204,real_fake,1.4040645289045941e-21,-20.852612932161204,-9.99999999995657,1.0000000001000016e-10,1.0000000000000016e-10,0,PAV Algorithm (Isotonic Regression)
5,train_real_centroid,0.13092984,1.358163676376978e-21,-20.867047888771346,real_fake,1.358163676376978e-21,-20.867047888771342,-9.99999999995657,1.0000000001000016e-10,1.0000000000000016e-10,0,PAV Algorithm (Isotonic Regression)
6,train_real_centroid,0.2538894,6.4727219659546565e-09,-8.188913047585036,real_fake,6.4727219659546565e-09,-8.188913047585036,-9.99999999995657,1.0000000001000016e-10,1.0000000000000016e-10,0,PAV Algorithm (Isotonic Regression)
7,train_real_centroid,0.1593278,1.8430351061745318e-21,-20.73446639225099,real_fake,1.8430351061745318e-21,-20.73446639225099,-9.99999999995657,1.0000000001000016e-10,1.0000000000000016e-10,0,PAV Algorithm (Isotonic Regression)
8,train_real_centroid,0.10046126,1.4568711061159741e-21,-20.83657886990385,real_fake,1.4568711061159741e-21,-20.836578869903846,-9.99999999995657,1.0000000001000016e-10,1.0000000000000016e-10,0,PAV Algorithm (Isotonic Regression)
9,train_real_centroid,0.10376343,1.4130750610693483e-21,-20.84983476827005,real_fake,1.4130750610693483e-21,-20.84983476827005,-9.99999999995657,1.0000000001000016e-10,1.0000000000000016e-10,0,PAV Algorithm (Isotonic Regression)
10,train_real_centroid,0.10242121,1.4296679851787809e-21,-20.84476480795207,real_fake,1.4296679851787809e-21,-20.84476480795207,-9.99999999995657,1.0000000001000016e-10,1.0000000000000016e-10,0,PAV Algorithm (Isotonic Regression)
11,train_real_centroid,0.13643716,1.4057765988725261e-21,-20.85208369040133,real_fake,1.4057765988725261e-21,-20.852083690401326,-9.99999999995657,1.0000000001000016e-10,1.0000000000000016e-10,0,PAV Algorithm (Isotonic Regression)
12,train_real_centroid,0.0921499,1.6151334224667597e-21,-20.79179159578014,real_fake,1.6151334224667597e-21,-20.79179159578014,-9.99999999995657,1.0000000001000016e-10,1.0000000000000016e-10,0,PAV Algorithm (Isotonic Regression)
13,train_real_centroid,0.09253322,1.6060571531223353e-21,-20.794239003986352,real_fake,1.6060571531223353e-21,-20.794239003986352,-9.99999999995657,1.0000000001000016e-10,1.0000000000000016e-10,0,PAV Algorithm (Isotonic Regression)
14,train_real_centroid,0.103219934,1.4196540322450537e-21,-20.847817479696868,real_fake,1.4196540322450537e-21,-20.847817479696868,-9.99999999995657,1.0000000001000016e-10,1.0000000000000016e-10,0,PAV Algorithm (Isotonic Regression)
15,train_real_centroid,0.09058662,1.6538234422551125e-21,-20.78151085642021,real_fake,1.6538234422551125e-21,-20.781510856420212,-9.99999999995657,1.0000000001000016e-10,1.0000000000000016e-10,0,PAV Algorithm (Isotonic Regression)
16,train_real_centroid,0.2837565,1.970111959320807e-05,-4.705509092653842,real_fake,1.970111959320807e-05,-4.705509092653842,-9.99999999995657,1.0000000001000016e-10,1.0000000000000016e-10,0,PAV Algorithm (Isotonic Regression)
17,train_real_centroid,0.14332327,1.4942031152892873e-21,-20.82559036245804,real_fake,1.4942031152892873e-21,-20.82559036245804,-9.99999999995657,1.0000000001000016e-10,1.0000000000000016e-10,0,PAV Algorithm (Isotonic Regression)
18,train_real_centroid,0.45201707,1.6934345279803449,0.2287684104955518,real_fake,1.6934345279803449,0.2287684104955518,0.0,1.0,0.5,0,PAV Algorithm (Isotonic Regression)
19,train_real_centroid,0.088973306,1.697156146763416e-21,-20.77027819860276,real_fake,1.697156146763416e-21,-20.770278198602757,-9.99999999995657,1.0000000001000016e-10,1.0000000000000016e-10,0,PAV Algorithm (Isotonic Regression)
20,train_real_centroid,0.09863692,1.4854269491449076e-21,-20.828148701223736,real_fake,1.4854269491449076e-21,-20.828148701223736,-9.99999999995657,1.0000000001000016e-10,1.0000000000000016e-10,0,PAV Algorithm (Isotonic Regression)
21,train_real_centroid,0.09446166,1.5634613283087053e-21,-20.80591285641647,real_fake,1.5634613283087053e-21,-20.80591285641647,-9.99999999995657,1.0000000001000016e-10,1.0000000000000016e-10,0,PAV Algorithm (Isotonic Regression)
22,train_real_centroid,0.123089865,1.3239316850128469e-21,-20.878134423950243,real_fake,1.3239316850128469e-21,-20.878134423950243,-9.99999999995657,1.0000000001000016e-10,1.0000000000000016e-10,0,PAV Algorithm (Isotonic Regression)
23,train_real_centroid,0.19987464,6.201322568994884e-18,-17.207515677733685,real_fake,6.201322568994884e-18,-17.207515677733685,-9.99999999995657,1.0000000001000016e-10,1.0000000000000016e-10,0,PAV Algorithm (Isotonic Regression)
24,train_real_centroid,0.1278912,1.3402214079729845e-21,-20.872823449159185,real_fake,1.3402214079729845e-21,-20.872823449159185,-9.99999999995657,1.0000000001000016e-10,1.0000000000000016e-10,0,PAV Algorithm (Isotonic Regression)
25,train_real_centroid,0.12467637,1.327642194220573e-21,-20.876918953592472,real_fake,1.327642194220573e-21,-20.876918953592472,-9.99999999995657,1.0000000001000016e-10,1.0000000000000016e-10,0,PAV Algorithm (Isotonic Regression)
26,train_real_centroid,0.16416568,1.9950063762800447e-21,-20.70005571191768,real_fake,1.9950063762800447e-21,-20.700055711917678,-9.99999999995657,1.0000000001000016e-10,1.0000000000000016e-10,0,PAV Algorithm (Isotonic Regression)
27,train_real_centroid,0.109085925,1.361715599438172e-21,-20.86591358735124,real_fake,1.361715599438172e-21,-20.86591358735124,-9.99999999995657,1.0000000001000016e-10,1.0000000000000016e-10,0,PAV Algorithm (Isotonic Regression)
28,train_real_centroid,0.118331365,1.3221463396493029e-21,-20.878720473001035,real_fake,1.3221463396493029e-21,-20.878720473001035,-9.99999999995657,1.0000000001000016e-10,1.0000000000000016e-10,0,PAV Algorithm (Isotonic Regression)
29,train_real_centroid,0.32512423,0.0286396511935988,-1.5430322756664785,real_fake,0.0286396511935988,-1.5430322756664785,-9.99999999995657,1.0000000001000016e-10,1.0000000000000016e-10,0,PAV Algorithm (Isotonic Regression)
30,train_real_centroid,0.13167758,1.3634689470561898e-21,-20.86535474864697,real_fake,1.3634689470561898e-21,-20.86535474864697,-9.99999999995657,1.0000000001000016e-10,1.0000000000000016e-10,0,PAV Algorithm (Isotonic Regression)
31,train_real_centroid,0.23233315,4.3159265568643335e-12,-11.364925954216174,real_fake,4.3159265568643335e-12,-11.364925954216174,-9.99999999995657,1.0000000001000016e-10,1.0000000000000016e-10,0,PAV Algorithm (Isotonic Regression)
32,train_real_centroid,0.16248386,1.939425319044212e-21,-20.71232693900873,real_fake,1.939425319044212e-21,-20.71232693900873,-9.99999999995657,1.0000000001000016e-10,1.0000000000000016e-10,0,PAV Algorithm (Isotonic Regression)
33,train_real_centroid,0.116743036,1.3247753569217665e-21,-20.87785775910119,real_fake,1.3247753569217665e-21,-20.87785775910119,-9.99999999995657,1.0000000001000016e-10,1.0000000000000016e-10,0,PAV Algorithm (Isotonic Regression)
34,train_real_centroid,0.11402306,1.3332936826072408e-21,-20.8750741786524,real_fake,1.3332936826072408e-21,-20.875074178652397,-9.99999999995657,1.0000000001000016e-10,1.0000000000000016e-10,0,PAV Algorithm (Isotonic Regression)
35,train_real_centroid,0.088143334,1.7208623928305364e-21,-20.764253856240547,real_fake,1.7208623928305364e-21,-20.764253856240547,-9.99999999995657,1.0000000001000016e-10,1.0000000000000016e-10,0,PAV Algorithm (Isotonic Regression)
36,train_real_centroid,0.10410491,1.4091377185799417e-21,-20.85104656012236,real_fake,1.4091377185799417e-21,-20.851046560122356,-9.99999999995657,1.0000000001000016e-10,1.0000000000000016e-10,0,PAV Algorithm (Isotonic Regression)
37,train_real_centroid,0.121403776,1.3215785638989365e-21,-20.878907014254857,real_fake,1.3215785638989365e-21,-20.878907014254857,-9.99999999995657,1.0000000001000016e-10,1.0000000000000016e-10,0,PAV Algorithm (Isotonic Regression)
38,train_real_centroid,0.1298543,1.351156774291375e-21,-20.86929425700352,real_fake,1.351156774291375e-21,-20.869294257003517,-9.99999999995657,1.0000000001000016e-10,1.0000000000000016e-10,0,PAV Algorithm (Isotonic Regression)
39,train_real_centroid,0.16349941,1.9726330572671587e-21,-20.70495369327039,real_fake,1.9726330572671587e-21,-20.70495369327039,-9.99999999995657,1.0000000001000016e-10,1.0000000000000016e-10,0,PAV Algorithm (Isotonic Regression)
40,train_real_centroid,0.09487818,1.5548042616100519e-21,-20.80832427766825,real_fake,1.5548042616100519e-21,-20.80832427766825,-9.99999999995657,1.0000000001000016e-10,1.0000000000000016e-10,0,PAV Algorithm (Isotonic Regression)
41,train_real_centroid,0.11027632,1.3532348175140445e-21,-20.86862683673412,real_fake,1.3532348175140445e-21,-20.86862683673412,-9.99999999995657,1.0000000001000016e-10,1.0000000000000016e-10,0,PAV Algorithm (Isotonic Regression)
42,train_real_centroid,0.10745988,1.3751065610396242e-21,-20.86166364577677,real_fake,1.3751065610396242e-21,-20.86166364577677,-9.99999999995657,1.0000000001000016e-10,1.0000000000000016e-10,0,PAV Algorithm (Isotonic Regression)
43,train_real_centroid,0.14070812,1.45670512563201e-21,-20.836628351642187,real_fake,1.45670512563201e-21,-20.836628351642187,-9.99999999995657,1.0000000001000016e-10,1.0000000000000016e-10,0,PAV Algorithm (Isotonic Regression)
44,train_real_centroid,0.2599568,3.9774529747878505e-08,-7.40039494629128,real_fake,3.9774529747878505e-08,-7.40039494629128,-9.99999999995657,1.0000000001000016e-10,1.0000000000000016e-10,0,PAV Algorithm (Isotonic Regression)
45,train_real_centroid,0.08334184,1.87925437051864e-21,-20.726014431056637,real_fake,1.87925437051864e-21,-20.726014431056633,-9.99999999995657,1.0000000001000016e-10,1.0000000000000016e-10,0,PAV Algorithm (Isotonic Regression)
46,train_real_centroid,0.22012776,3.874443828134431e-14,-13.411790631146816,real_fake,3.874443828134431e-14,-13.411790631146816,-9.99999999995657,1.0000000001000016e-10,1.0000000000000016e-10,0,PAV Algorithm (Isotonic Regression)
47,train_real_centroid,0.111161575,1.3476452534818668e-21,-20.870424413981,real_fake,1.3476452534818668e-21,-20.870424413981002,-9.99999999995657,1.0000000001000016e-10,1.0000000000000016e-10,0,PAV Algorithm (Isotonic Regression)
48,train_real_centroid,0.14275011,1.4855747678817845e-21,-20.82810548558947,real_fake,1.4855747678817845e-21,-20.82810548558947,-9.99999999995657,1.0000000001000016e-10,1.0000000000000016e-10,0,PAV Algorithm (Isotonic Regression)
49,train_real_centroid,0.15239109,1.6648986035467282e-21,-20.778612210963104,real_fake,1.6648986035467282e-21,-20.778612210963104,-9.99999999995657,1.0000000001000016e-10,1.0000000000000016e-10,0,PAV Algorithm (Isotonic Regression)
50,train_real_centroid,0.17064793,2.2385757919960524e-21,-20.650028197019456,real_fake,2.2385757919960524e-21,-20.650028197019456,-9.99999999995657,1.0000000001000016e-10,1.0000000000000016e-10,0,PAV Algorithm (Isotonic Regression)
51,train_real_centroid,0.31024897,0.0034049882461605,-2.4678843829102046,real_fake,0.0034049882461605,-2.4678843829102113,-9.99999999995657,1.0000000001000016e-10,1.0000000000000016e-10,0,PAV Algorithm (Isotonic Regression)
52,train_real_centroid,0.08833268,1.715396034689028e-21,-20.76563559817271,real_fake,1.715396034689028e-21,-20.76563559817271,-9.99999999995657,1.0000000001000016e-10,1.0000000000000016e-10,0,PAV Algorithm (Isotonic Regression)
53,train_real_centroid,0.11012679,1.3542653803025444e-21,-20.868296223458984,real_fake,1.3542653803025444e-21,-20.868296223458984,-9.99999999995657,1.0000000001000016e-10,1.0000000000000016e-10,0,PAV Algorithm (Isotonic Regression)
54,train_real_centroid,0.12152959,1.3217196165573345e-21,-20.878860664288204,real_fake,1.3217196165573345e-21,-20.878860664288204,-9.99999999995657,1.0000000001000016e-10,1.0000000000000016e-10,0,PAV Algorithm (Isotonic Regression)
55,train_real_centroid,0.19822012,2.932094624745931e-18,-17.532822018225353,real_fake,2.932094624745931e-18,-17.532822018225353,-9.99999999995657,1.0000000001000016e-10,1.0000000000000016e-10,0,PAV Algorithm (Isotonic Regression)
56,train_real_centroid,0.12445426,1.3270621712136629e-21,-20.877108730502147,real_fake,1.3270621712136629e-21,-20.877108730502147,-9.99999999995657,1.0000000001000016e-10,1.0000000000000016e-10,0,PAV Algorithm (Isotonic Regression)
57,train_real_centroid,0.14923465,1.59799475009238e-21,-20.79642465181155,real_fake,1.59799475009238e-21,-20.79642465181155,-9.99999999995657,1.0000000001000016e-10,1.0000000000000016e-10,0,PAV Algorithm (Isotonic Regression)
58,train_real_centroid,0.16181199,1.918052504894721e-21,-20.71713950859708,real_fake,1.918052504894721e-21,-20.717139508597082,-9.99999999995657,1.0000000001000016e-10,1.0000000000000016e-10,0,PAV Algorithm (Isotonic Regression)
59,train_real_centroid,0.12443111,1.327003600584262e-21,-20.87712789875444,real_fake,1.327003600584262e-21,-20.877127898754438,-9.99999999995657,1.0000000001000016e-10,1.0000000000000016e-10,0,PAV Algorithm (Isotonic Regression)
60,train_real_centroid,0.0859187,1.789567918962634e-21,-20.747251814306143,real_fake,1.789567918962634e-21,-20.747251814306143,-9.99999999995657,1.0000000001000016e-10,1.0000000000000016e-10,0,PAV Algorithm (Isotonic Regression)
61,train_real_centroid,0.12767634,1.3392249753887429e-21,-20.873146460058425,real_fake,1.3392249753887429e-21,-20.873146460058422,-9.99999999995657,1.0000000001000016e-10,1.0000000000000016e-10,0,PAV Algorithm (Isotonic Regression)
62,train_real_centroid,0.24814379,1.0477138447249924e-09,-8.979757317186891,real_fake,1.0477138447249924e-09,-8.979757317186891,-9.99999999995657,1.0000000001000016e-10,1.0000000000000016e-10,0,PAV Algorithm (Isotonic Regression)
63,train_real_centroid,0.113052785,1.337534650100465e-21,-20.87369495835159,real_fake,1.337534650100465e-21,-20.87369495835159,-9.99999999995657,1.0000000001000016e-10,1.0000000000000016e-10,0,PAV Algorithm (Isotonic Regression)
64,train_real_centroid,0.1436457,1.4991705285698865e-21,-20.82414896394648,real_fake,1.4991705285698865e-21,-20.824148963946477,-9.99999999995657,1.0000000001000016e-10,1.0000000000000016e-10,0,PAV Algorithm (Isotonic Regression)
65,train_real_centroid,0.15123998,1.6395181028954519e-21,-20.78528378366421,real_fake,1.6395181028954519e-21,-20.785283783664212,-9.99999999995657,1.0000000001000016e-10,1.0000000000000016e-10,0,PAV Algorithm (Isotonic Regression)
66,train_real_centroid,0.0794139,2.03961268717168e-21,-20.69045229521824,real_fake,2.03961268717168e-21,-20.690452295218236,-9.99999999995657,1.0000000001000016e-10,1.0000000000000016e-10,0,PAV Algorithm (Isotonic Regression)
67,train_real_centroid,0.119086556,1.3213800376964736e-21,-20.87897225843564,real_fake,1.3213800376964736e-21,-20.878972258435642,-9.99999999995657,1.0000000001000016e-10,1.0000000000000016e-10,0,PAV Algorithm (Isotonic Regression)
68,train_real_centroid,0.14918716,1.5970453355078225e-21,-20.79668275531961,real_fake,1.5970453355078225e-21,-20.796682755319612,-9.99999999995657,1.0000000001000016e-10,1.0000000000000016e-10,0,PAV Algorithm (Isotonic Regression)
69,train_real_centroid,0.094245985,1.5680374124351024e-21,-20.804643579521297,real_fake,1.5680374124351024e-21,-20.804643579521297,-9.99999999995657,1.0000000001000016e-10,1.0000000000000016e-10,0,PAV Algorithm (Isotonic Regression)
70,train_real_centroid,0.14922759,1.5978535359627106e-21,-20.796463031929648,real_fake,1.5978535359627106e-21,-20.796463031929648,-9.99999999995657,1.0000000001000016e-10,1.0000000000000016e-10,0,PAV Algorithm (Isotonic Regression)
71,train_real_centroid,0.15198784,1.655912122382781e-21,-20.78096271451787,real_fake,1.655912122382781e-21,-20.78096271451787,-9.99999999995657,1.0000000001000016e-10,1.0000000000000016e-10,0,PAV Algorithm (Isotonic Regression)
72,train_real_centroid,0.109334074,1.3599078788731906e-21,-20.866490510050436,real_fake,1.3599078788731906e-21,-20.866490510050433,-9.99999999995657,1.0000000001000016e-10,1.0000000000000016e-10,0,PAV Algorithm (Isotonic Regression)
73,train_real_centroid,0.12703985,1.336281872395598e-21,-20.87410192306253,real_fake,1.336281872395598e-21,-20.874101923062526,-9.99999999995657,1.0000000001000016e-10,1.0000000000000016e-10,0,PAV Algorithm (Isotonic Regression)
74,train_real_centroid,0.16103683,1.893973404908188e-21,-20.722626123634072,real_fake,1.893973404908188e-21,-20.722626123634072,-9.99999999995657,1.0000000001000016e-10,1.0000000000000016e-10,0,PAV Algorithm (Isotonic Regression)
75,train_real_centroid,0.1552815,1.7337616978179397e-21,-20.7610105956919,real_fake,1.7337616978179397e-21,-20.7610105956919,-9.99999999995657,1.0000000001000016e-10,1.0000000000000016e-10,0,PAV Algorithm (Isotonic Regression)
76,train_real_centroid,0.27066675,7.863549548494472e-07,-6.104381372363898,real_fake,7.863549548494472e-07,-6.104381372363898,-9.99999999995657,1.0000000001000016e-10,1.0000000000000016e-10,0,PAV Algorithm (Isotonic Regression)
77,train_real_centroid,0.10838774,1.36725678973986e-21,-20.86414991125979,real_fake,1.36725678973986e-21,-20.86414991125979,-9.99999999995657,1.0000000001000016e-10,1.0000000000000016e-10,0,PAV Algorithm (Isotonic Regression)
78,train_real_centroid,0.12268401,1.323190985757178e-21,-20.878377466414,real_fake,1.323190985757178e-21,-20.878377466413998,-9.99999999995657,1.0000000001000016e-10,1.0000000000000016e-10,0,PAV Algorithm (Isotonic Regression)
79,train_real_centroid,0.14109103,1.4618623081231432e-21,-20.83509353137162,real_fake,1.4618623081231432e-21,-20.83509353137162,-9.99999999995657,1.0000000001000016e-10,1.0000000000000016e-10,0,PAV Algorithm (Isotonic Regression)
80,train_real_centroid,0.19829692,3.0418840047288923e-18,-17.51685735079145,real_fake,3.0418840047288923e-18,-17.51685735079145,-9.99999999995657,1.0000000001000016e-10,1.0000000000000016e-10,0,PAV Algorithm (Isotonic Regression)
81,train_real_centroid,0.118379004,1.3220979734833944e-21,-20.87873636045808,real_fake,1.3220979734833944e-21,-20.878736360458078,-9.99999999995657,1.0000000001000016e-10,1.0000000000000016e-10,0,PAV Algorithm (Isotonic Regression)
82,train_real_centroid,0.31785512,0.0108111774913166,-1.966127002611711,real_fake,0.0108111774913166,-1.9661270026117126,-9.99999999995657,1.0000000001000016e-10,1.0000000000000016e-10,0,PAV Algorithm (Isotonic Regression)
83,train_real_centroid,0.10651583,1.3837594194917137e-21,-20.858939409784877,real_fake,1.3837594194917137e-21,-20.858939409784874,-9.99999999995657,1.0000000001000016e-10,1.0000000000000016e-10,0,PAV Algorithm (Isotonic Regression)
84,train_real_centroid,0.10247133,1.429001880422448e-21,-20.844967199720887,real_fake,1.429001880422448e-21,-20.844967199720887,-9.99999999995657,1.0000000001000016e-10,1.0000000000000016e-10,0,PAV Algorithm (Isotonic Regression)
85,train_real_centroid,0.10125196,1.4454689014280118e-21,-20.83999124753085,real_fake,1.4454689014280118e-21,-20.83999124753085,-9.99999999995657,1.0000000001000016e-10,1.0000000000000016e-10,0,PAV Algorithm (Isotonic Regression)
86,train_real_centroid,0.14551587,1.5295568091609189e-21,-20.81543438827921,real_fake,1.5295568091609189e-21,-20.815434388279215,-9.99999999995657,1.0000000001000016e-10,1.0000000000000016e-10,0,PAV Algorithm (Isotonic Regression)
87,train_real_centroid,0.12125946,1.3214626310971259e-21,-20.87894511352945,real_fake,1.3214626310971259e-21,-20.878945113529454,-9.99999999995657,1.0000000001000016e-10,1.0000000000000016e-10,0,PAV Algorithm (Isotonic Regression)
88,train_real_centroid,0.121310204,1.32148368158961e-21,-20.878938195407294,real_fake,1.32148368158961e-21,-20.878938195407294,-9.99999999995657,1.0000000001000016e-10,1.0000000000000016e-10,0,PAV Algorithm (Isotonic Regression)
89,train_real_centroid,0.10705345,1.3786934714137777e-21,-20.860532280938955,real_fake,1.3786934714137777e-21,-20.860532280938955,-9.99999999995657,1.0000000001000016e-10,1.0000000000000016e-10,0,PAV Algorithm (Isotonic Regression)
90,train_real_centroid,0.13003154,1.3522288233853893e-21,-20.868949811112657,real_fake,1.3522288233853893e-21,-20.868949811112657,-9.99999999995657,1.0000000001000016e-10,1.0000000000000016e-10,0,PAV Algorithm (Isotonic Regression)
91,train_real_centroid,0.13688675,1.4104862961663858e-21,-20.850631128954365,real_fake,1.4104862961663858e-21,-20.850631128954365,-9.99999999995657,1.0000000001000016e-10,1.0000000000000016e-10,0,PAV Algorithm (Isotonic Regression)
92,train_real_centroid,0.31112453,0.0039137569878599,-2.407406143958531,real_fake,0.0039137569878599,-2.407406143958539,-9.99999999995657,1.0000000001000016e-10,1.0000000000000016e-10,0,PAV Algorithm (Isotonic Regression)
93,train_real_centroid,0.105676405,1.3920025465585457e-21,-20.85635997021733,real_fake,1.3920025465585457e-21,-20.85635997021733,-9.99999999995657,1.0000000001000016e-10,1.0000000000000016e-10,0,PAV Algorithm (Isotonic Regression)
94,train_real_centroid,0.18616387,9.023526274164705e-21,-20.04462371277525,real_fake,9.023526274164705e-21,-20.04462371277525,-9.99999999995657,1.0000000001000016e-10,1.0000000000000016e-10,0,PAV Algorithm (Isotonic Regression)
95,train_real_centroid,0.11116914,1.347597686502532e-21,-20.870439743268275,real_fake,1.347597686502532e-21,-20.870439743268275,-9.99999999995657,1.0000000001000016e-10,1.0000000000000016e-10,0,PAV Algorithm (Isotonic Regression)
96,train_real_centroid,0.2597497,3.755571429078744e-08,-7.425323973542716,real_fake,3.755571429078744e-08,-7.425323973542716,-9.99999999995657,1.0000000001000016e-10,1.0000000000000016e-10,0,PAV Algorithm (Isotonic Regression)
97,train_real_centroid,0.11910935,1.3213585905286709e-21,-20.87897930747676,real_fake,1.3213585905286709e-21,-20.87897930747676,-9.99999999995657,1.0000000001000016e-10,1.0000000000000016e-10,0,PAV Algorithm (Isotonic Regression)
98,train_real_centroid,0.12614952,1.3326653607664822e-21,-20.87527889050949,real_fake,1.3326653607664822e-21,-20.87527889050949,-9.99999999995657,1.0000000001000016e-10,1.0000000000000016e-10,0,PAV Algorithm (Isotonic Regression)
99,train_real_centroid,0.29563332,0.0002471894524746,-3.606970064448,real_fake,0.0002471894524746,-3.606970064448137,-9.99999999995657,1.0000000001000016e-10,1.0000000000000016e-10,0,PAV Algorithm (Isotonic Regression)
100,train_real_centroid,0.14501391,1.5211641054969873e-21,-20.81782393107041,real_fake,1.5211641054969873e-21,-20.817823931070414,-9.99999999995657,1.0000000001000016e-10,1.0000000000000016e-10,0,PAV Algorithm (Isotonic Regression)
101,train_real_centroid,0.4259227,0.5999010733152639,-0.2219203610422425,real_fake,0.5999010733152639,-0.22192036104224253,-9.99999999995657,1.0000000001000016e-10,1.0000000000000016e-10,0,PAV Algorithm (Isotonic Regression)
102,train_real_centroid,0.15107372,1.6359674888021409e-21,-20.786225331211227,real_fake,1.6359674888021409e-21,-20.786225331211227,-9.99999999995657,1.0000000001000016e-10,1.0000000000000016e-10,0,PAV Algorithm (Isotonic Regression)
103,train_real_centroid,0.117493615,1.3233619652022473e-21,-20.878321351587665,real_fake,1.3233619652022473e-21,-20.878321351587662,-9.99999999995657,1.0000000001000016e-10,1.0000000000000016e-10,0,PAV Algorithm (Isotonic Regression)
104,train_real_centroid,0.10970412,1.3572680765560569e-21,-20.867334365552725,real_fake,1.3572680765560569e-21,-20.867334365552725,-9.99999999995657,1.0000000001000016e-10,1.0000000000000016e-10,0,PAV Algorithm (Isotonic Regression)
105,train_real_centroid,0.17346017,2.3597023375490272e-21,-20.62714277724731,real_fake,2.3597023375490272e-21,-20.62714277724731,-9.99999999995657,1.0000000001000016e-10,1.0000000000000016e-10,0,PAV Algorithm (Isotonic Regression)
106,train_real_centroid,0.23490998,1.1167175978840631e-11,-10.95205663994348,real_fake,1.1167175978840631e-11,-10.95205663994348,-9.99999999995657,1.0000000001000016e-10,1.0000000000000016e-10,0,PAV Algorithm (Isotonic Regression)
107,train_real_centroid,0.10632803,1.3855745409965873e-21,-20.85837010512341,real_fake,1.3855745409965873e-21,-20.858370105123406,-9.99999999995657,1.0000000001000016e-10,1.0000000000000016e-10,0,PAV Algorithm (Isotonic Regression)
108,train_real_centroid,0.112146154,1.3420680321130573e-21,-20.87222546835301,real_fake,1.3420680321130573e-21,-20.87222546835301,-9.99999999995657,1.0000000001000016e-10,1.0000000000000016e-10,0,PAV Algorithm (Isotonic Regression)
109,train_real_centroid,0.09506738,1.5509782061080594e-21,-20.809394304722503,real_fake,1.5509782061080594e-21,-20.809394304722506,-9.99999999995657,1.0000000001000016e-10,1.0000000000000016e-10,0,PAV Algorithm (Isotonic Regression)
110,train_real_centroid,0.12219252,1.3224633385667489e-21,-20.87861635867187,real_fake,1.3224633385667489e-21,-20.87861635867187,-9.99999999995657,1.0000000001000016e-10,1.0000000000000016e-10,0,PAV Algorithm (Isotonic Regression)
111,train_real_centroid,0.12339927,1.3244969170289205e-21,-20.87794904825304,real_fake,1.3244969170289205e-21,-20.877949048253036,-9.99999999995657,1.0000000001000016e-10,1.0000000000000016e-10,0,PAV Algorithm (Isotonic Regression)
112,train_real_centroid,0.09900152,1.4794179608628513e-21,-20.829909113053148,real_fake,1.4794179608628513e-21,-20.829909113053148,-9.99999999995657,1.0000000001000016e-10,1.0000000000000016e-10,0,PAV Algorithm (Isotonic Regression)
113,train_real_centroid,0.20312978,2.7395797274159178e-17,-16.562316056180922,real_fake,2.7395797274159178e-17,-16.562316056180922,-9.99999999995657,1.0000000001000016e-10,1.0000000000000016e-10,0,PAV Algorithm (Isotonic Regression)
114,train_real_centroid,0.09426553,1.5676216129311636e-21,-20.80475875749807,real_fake,1.5676216129311636e-21,-20.80475875749807,-9.99999999995657,1.0000000001000016e-10,1.0000000000000016e-10,0,PAV Algorithm (Isotonic Regression)
115,train_real_centroid,0.16268209,1.945819688326508e-21,-20.71089740661288,real_fake,1.945819688326508e-21,-20.710897406612876,-9.99999999995657,1.0000000001000016e-10,1.0000000000000016e-10,0,PAV Algorithm (Isotonic Regression)
116,train_real_centroid,0.11783759,1.3227638731632109e-21,-20.878517674886336,real_fake,1.3227638731632109e-21,-20.878517674886336,-9.99999999995657,1.0000000001000016e-10,1.0000000000000016e-10,0,PAV Algorithm (Isotonic Regression)
117,train_real_centroid,0.123060584,1.3238782184315989e-21,-20.87815196315589,real_fake,1.3238782184315989e-21,-20.87815196315589,-9.99999999995657,1.0000000001000016e-10,1.0000000000000016e-10,0,PAV Algorithm (Isotonic Regression)
118,train_real_centroid,0.12078937,1.3212676522163378e-21,-20.87900919744502,real_fake,1.3212676522163378e-21,-20.87900919744502,-9.99999999995657,1.0000000001000016e-10,1.0000000000000016e-10,0,PAV Algorithm (Isotonic Regression)
119,train_real_centroid,0.10356247,1.415419229120998e-21,-20.84911490860047,real_fake,1.415419229120998e-21,-20.84911490860047,-9.99999999995657,1.0000000001000016e-10,1.0000000000000016e-10,0,PAV Algorithm (Isotonic Regression)
120,train_real_centroid,0.10497685,1.3993880591377957e-21,-20.85406183620685,real_fake,1.3993880591377957e-21,-20.85406183620685,-9.99999999995657,1.0000000001000016e-10,1.0000000000000016e-10,0,PAV Algorithm (Isotonic Regression)
121,train_real_centroid,0.10122601,1.4458402772663606e-21,-20.83987968113084,real_fake,1.4458402772663606e-21,-20.83987968113084,-9.99999999995657,1.0000000001000016e-10,1.0000000000000016e-10,0,PAV Algorithm (Isotonic Regression)
122,train_real_centroid,0.3728693,0.8882525504538563,-0.0514635368401025,real_fake,0.8882525504538563,-0.05146353684010258,0.0,1.0,0.5,0,PAV Algorithm (Isotonic Regression)
123,train_real_centroid,0.106502615,1.383886989332398e-21,-20.858899373689415,real_fake,1.383886989332398e-21,-20.858899373689418,-9.99999999995657,1.0000000001000016e-10,1.0000000000000016e-10,0,PAV Algorithm (Isotonic Regression)
124,train_real_centroid,0.12644854,1.3338391854658773e-21,-20.874896528046754,real_fake,1.3338391854658773e-21,-20.874896528046754,-9.99999999995657,1.0000000001000016e-10,1.0000000000000016e-10,0,PAV Algorithm (Isotonic Regression)
125,train_real_centroid,0.122965075,1.323703850721211e-21,-20.87820916775433,real_fake,1.323703850721211e-21,-20.87820916775433,-9.99999999995657,1.0000000001000016e-10,1.0000000000000016e-10,0,PAV Algorithm (Isotonic Regression)
126,train_real_centroid,0.2186438,2.1313724722641227e-14,-13.671340647651556,real_fake,2.1313724722641227e-14,-13.671340647651556,-9.99999999995657,1.0000000001000016e-10,1.0000000000000016e-10,0,PAV Algorithm (Isotonic Regression)
127,train_real_centroid,0.18965624,4.99607903072217e-20,-19.30137070033492,real_fake,4.99607903072217e-20,-19.301370700334918,-9.99999999995657,1.0000000001000016e-10,1.0000000000000016e-10,0,PAV Algorithm (Isotonic Regression)
128,train_real_centroid,0.09842002,1.4890249007568436e-21,-20.82709803954073,real_fake,1.4890249007568436e-21,-20.827098039540726,-9.99999999995657,1.0000000001000016e-10,1.0000000000000016e-10,0,PAV Algorithm (Isotonic Regression)
129,train_real_centroid,0.086274326,1.7781135479558768e-21,-20.750040509014795,real_fake,1.7781135479558768e-21,-20.750040509014795,-9.99999999995657,1.0000000001000016e-10,1.0000000000000016e-10,0,PAV Algorithm (Isotonic Regression)
130,train_real_centroid,0.15549116,1.73903714188459e-21,-20.759691142354235,real_fake,1.73903714188459e-21,-20.759691142354235,-9.99999999995657,1.0000000001000016e-10,1.0000000000000016e-10,0,PAV Algorithm (Isotonic Regression)
131,train_real_centroid,0.09565495,1.539215333166241e-21,-20.81270061898329,real_fake,1.539215333166241e-21,-20.81270061898329,-9.99999999995657,1.0000000001000016e-10,1.0000000000000016e-10,0,PAV Algorithm (Isotonic Regression)
132,train_real_centroid,0.13182922,1.3645978111044056e-21,-20.864995329689588,real_fake,1.3645978111044056e-21,-20.864995329689588,-9.99999999995657,1.0000000001000016e-10,1.0000000000000016e-10,0,PAV Algorithm (Isotonic Regression)
133,train_real_centroid,0.22276452,1.123911363404676e-13,-12.949267937790198,real_fake,1.123911363404676e-13,-12.949267937790198,-9.99999999995657,1.0000000001000016e-10,1.0000000000000016e-10,0,PAV Algorithm (Isotonic Regression)
134,train_real_centroid,0.09042342,1.65801877920182e-21,-20.78041055481256,real_fake,1.65801877920182e-21,-20.780410554812562,-9.99999999995657,1.0000000001000016e-10,1.0000000000000016e-10,0,PAV Algorithm (Isotonic Regression)
135,train_real_centroid,0.110293664,1.3531248609654193e-21,-20.868662126590618,real_fake,1.3531248609654193e-21,-20.868662126590618,-9.99999999995657,1.0000000001000016e-10,1.0000000000000016e-10,0,PAV Algorithm (Isotonic Regression)
136,train_real_centroid,0.09850873,1.4875512689405849e-21,-20.82752805724023,real_fake,1.4875512689405849e-21,-20.82752805724023,-9.99999999995657,1.0000000001000016e-10,1.0000000000000016e-10,0,PAV Algorithm (Isotonic Regression)
137,train_real_centroid,0.18356462,3.002736234814496e-21,-20.522482815252115,real_fake,3.002736234814496e-21,-20.522482815252115,-9.99999999995657,1.0000000001000016e-10,1.0000000000000016e-10,0,PAV Algorithm (Isotonic Regression)
138,train_real_centroid,0.118297435,1.3221807897176393e-21,-20.878709157098086,real_fake,1.3221807897176393e-21,-20.878709157098086,-9.99999999995657,1.0000000001000016e-10,1.0000000000000016e-10,0,PAV Algorithm (Isotonic Regression)
139,train_real_centroid,0.10712377,1.378071530630128e-21,-20.86072823921236,real_fake,1.378071530630128e-21,-20.86072823921236,-9.99999999995657,1.0000000001000016e-10,1.0000000000000016e-10,0,PAV Algorithm (Isotonic Regression)
140,train_real_centroid,0.09222126,1.613431988253309e-21,-20.792249336890897,real_fake,1.613431988253309e-21,-20.792249336890897,-9.99999999995657,1.0000000001000016e-10,1.0000000000000016e-10,0,PAV Algorithm (Isotonic Regression)
141,train_real_centroid,0.136843,1.4100056465956897e-21,-20.850779148138635,real_fake,1.4100056465956897e-21,-20.850779148138635,-9.99999999995657,1.0000000001000016e-10,1.0000000000000016e-10,0,PAV Algorithm (Isotonic Regression)
142,train_real_centroid,0.1186539,1.321818950555191e-21,-20.87882802606027,real_fake,1.321818950555191e-21,-20.87882802606027,-9.99999999995657,1.0000000001000016e-10,1.0000000000000016e-10,0,PAV Algorithm (Isotonic Regression)
143,train_real_centroid,0.15188669,1.6536748474313424e-21,-20.781549879214115,real_fake,1.6536748474313424e-21,-20.781549879214115,-9.99999999995657,1.0000000001000016e-10,1.0000000000000016e-10,0,PAV Algorithm (Isotonic Regression)
144,train_real_centroid,0.14195415,1.4739661936670413e-21,-20.831512477177256,real_fake,1.4739661936670413e-21,-20.831512477177256,-9.99999999995657,1.0000000001000016e-10,1.0000000000000016e-10,0,PAV Algorithm (Isotonic Regression)
145,train_real_centroid,0.11864144,1.3218315950651505e-21,-20.87882387162245,real_fake,1.3218315950651505e-21,-20.87882387162245,-9.99999999995657,1.0000000001000016e-10,1.0000000000000016e-10,0,PAV Algorithm (Isotonic Regression)
146,train_real_centroid,0.2156453,6.15721039165588e-15,-14.210616006328271,real_fake,6.15721039165588e-15,-14.210616006328271,-9.99999999995657,1.0000000001000016e-10,1.0000000000000016e-10,0,PAV Algorithm (Isotonic Regression)
147,train_real_centroid,0.09290013,1.5976692261834692e-21,-20.79651312997377,real_fake,1.5976692261834692e-21,-20.796513129973775,-9.99999999995657,1.0000000001000016e-10,1.0000000000000016e-10,0,PAV Algorithm (Isotonic Regression)
148,train_real_centroid,0.16182692,1.91852237677363e-21,-20.71703313102254,real_fake,1.91852237677363e-21,-20.71703313102254,-9.99999999995657,1.0000000001000016e-10,1.0000000000000016e-10,0,PAV Algorithm (Isotonic Regression)
149,train_real_centroid,0.13624716,1.4038054138131817e-21,-20.852693087052277,real_fake,1.4038054138131817e-21,-20.852693087052273,-9.99999999995657,1.0000000001000016e-10,1.0000000000000016e-10,0,PAV Algorithm (Isotonic Regression)
150,train_real_centroid,0.09957664,1.4703323044518943e-21,-20.83258450084356,real_fake,1.4703323044518943e-21,-20.83258450084356,-9.99999999995657,1.0000000001000016e-10,1.0000000000000016e-10,0,PAV Algorithm (Isotonic Regression)
151,train_real_centroid,0.13638127,1.4051961847695381e-21,-20.85226303802589,real_fake,1.4051961847695381e-21,-20.85226303802589,-9.99999999995657,1.0000000001000016e-10,1.0000000000000016e-10,0,PAV Algorithm (Isotonic Regression)
152,train_real_centroid,0.104882464,1.400390538629405e-21,-20.85375083209361,real_fake,1.400390538629405e-21,-20.85375083209361,-9.99999999995657,1.0000000001000016e-10,1.0000000000000016e-10,0,PAV Algorithm (Isotonic Regression)
153,train_real_centroid,0.17398627,2.3833746560996268e-21,-20.62280768308901,real_fake,2.3833746560996268e-21,-20.622807683089015,-9.99999999995657,1.0000000001000016e-10,1.0000000000000016e-10,0,PAV Algorithm (Isotonic Regression)
154,train_real_centroid,0.1313206,1.360818815785589e-21,-20.86619969444593,real_fake,1.360818815785589e-21,-20.86619969444593,-9.99999999995657,1.0000000001000016e-10,1.0000000000000016e-10,0,PAV Algorithm (Isotonic Regression)
155,train_real_centroid,0.1311925,1.3599395770266726e-21,-20.86648038717893,real_fake,1.3599395770266726e-21,-20.866480387178935,-9.99999999995657,1.0000000001000016e-10,1.0000000000000016e-10,0,PAV Algorithm (Isotonic Regression)
